{
  "type": "numpy_linear",
  "target": "Monthly_Electricity_kWh",
  "coefficients": [
    39.36827877927205,
    9.742241287054785,
    0.24975712732808905,
    -0.3910411001303476,
    6.739507427700786,
    0.2560461450154248,
    -0.8880065141611254,
    0.00026366638946614897,
    -0.0007754811300125325,
    -0.2300697899198319,
    -0.23006978991787713,
    0.1948265301475969,
    0.41882789341775467,
    41.37826139250275,
    149.47916760613765,
    2.105869622993409,
    1.49629192758867,
    8.153567329910295,
    11.437222406272076,
    27.68523114580645,
    65.21618381287202,
    -9.73527926529489,
    -0.3930644227571064,
    20.664530743810527,
    0.23094264761187172,
    0.000908030073647647,
    59.40228668458047,
    -4.916611736791327,
    18.19707445830296,
    -0.5730724298628399,
    -3.6891481101563857,
    -9.870434839680383,
    5.156434411617185,
    17.427728102347633,
    -10.171508758911603,
    11.008967544539672,
    9.928648666350972,
    -13.768120120175322,
    -0.16417571668974393,
    8.707964050484476,
    11.763085126262187,
    -10.940392084957763,
    0.12678928625253097,
    6.357786561219593,
    12.41265375505337
  ],
  "columns": [
    "intercept",
    "Hostel_Rooms",
    "Occupied_Rooms",
    "Occupancy_Percentage",
    "Students",
    "Building_Age_Years",
    "Floors",
    "Hostel_Area_sqft",
    "Mess_Area_sqft",
    "Daily_Mess_Attendance",
    "Breakfast_Meals",
    "Lunch_Meals",
    "Dinner_Meals",
    "Kitchen_Equipment",
    "AC_Units",
    "Fans",
    "Lights",
    "Computers",
    "WiFi_Access_Points",
    "Washing_Machines",
    "Water_Pumps",
    "Solar_Panels",
    "Solar_Generation_kWh",
    "Outdoor_Temperature_C",
    "Humidity_Percentage",
    "Water_Consumption_Liters",
    "Generator_Hours",
    "Power_Outage_Hours",
    "Peak_Load_kW",
    "Electricity_Tariff_RsPerkWh",
    "Urban",
    "Month_Aug",
    "Month_Dec",
    "Month_Feb",
    "Month_Jan",
    "Month_Jul",
    "Month_Jun",
    "Month_Mar",
    "Month_May",
    "Month_Nov",
    "Month_Oct",
    "Month_Sep",
    "Season_Monsoon",
    "Season_Summer",
    "Season_Winter"
  ],
  "metrics": {
    "mae": 177.99,
    "rmse": 209.24,
    "r2": 0.9985
  },
  "dataset_size": 10000
}